{
  "project_info": {
    "project_number": "454955791446",
    "project_id": "streetcat-fd0b0",
    "storage_bucket": "streetcat-fd0b0.appspot.com"
  },
  "client": [
    {
      "client_info": {
        "mobilesdk_app_id": "1:454955791446:android:2150a5651819d6e659b7f7",
        "android_client_info": {
          "package_name": "com.example.streetcat"
        }
      },
      "oauth_client": [
        {
          "client_id": "454955791446-0fk6ouc89r6mvindmc4nsmpgfa2vpl8a.apps.googleusercontent.com",
          "client_type": 3
        }
      ],
      "api_key": [
        {
          "current_key": "AIzaSyCfnu0GwzKjxJIvBX5RKJo6ubbNYYl3grM"
        }
      ],
      "services": {
        "appinvite_service": {
          "other_platform_oauth_client": [
            {
              "client_id": "454955791446-0fk6ouc89r6mvindmc4nsmpgfa2vpl8a.apps.googleusercontent.com",
              "client_type": 3
            }
          ]
        }
      }
    }
  ],
  "configuration_version": "1"
}